time,strategy,symbol,side,type,status,multiplier,time_in_force,asset.strike,asset.multiplier,asset.asset_type,price,filled_quantity,trade_cost
2020-02-03 09:30:00-05:00,MLTrader,SPY,sell,market,new,1,gtc,0.0,1,stock,,,
2020-02-03 09:30:00-05:00,MLTrader,SPY,sell,market,fill,1,gtc,0.0,1,stock,323.3500061035156,62.0,0.0
2020-02-10 09:30:00-05:00,MLTrader,SPY,sell,market,new,1,gtc,0.0,1,stock,,,
2020-02-10 09:30:00-05:00,MLTrader,SPY,sell,market,fill,1,gtc,0.0,1,stock,331.2300109863281,72.0,0.0
2020-02-13 09:30:00-05:00,MLTrader,SPY,sell,market,new,1,gtc,0.0,1,stock,,,
2020-02-13 09:30:00-05:00,MLTrader,SPY,sell,market,fill,1,gtc,0.0,1,stock,335.8599853515625,86.0,0.0
2020-03-02 09:30:00-05:00,MLTrader,SPY,sell,market,new,1,gtc,0.0,1,stock,,,
2020-03-02 09:30:00-05:00,MLTrader,SPY,sell,market,fill,1,gtc,0.0,1,stock,298.2099914550781,116.0,0.0
2020-03-03 09:30:00-05:00,MLTrader,SPY,buy,limit,canceled,1,day,0.0,1,stock,,,
2020-03-03 09:30:00-05:00,MLTrader,SPY,buy,stop,fill,1,day,0.0,1,stock,313.12049102783203,116.0,0.0
2020-03-06 09:30:00-05:00,MLTrader,SPY,sell,market,new,1,gtc,0.0,1,stock,,,
2020-03-06 09:30:00-05:00,MLTrader,SPY,sell,market,fill,1,gtc,0.0,1,stock,293.1499938964844,117.0,0.0
2020-03-09 09:30:00-04:00,MLTrader,SPY,sell,market,new,1,gtc,0.0,1,stock,,,
2020-03-09 09:30:00-04:00,MLTrader,SPY,sell,market,fill,1,gtc,0.0,1,stock,284.6400146484375,144.0,0.0
2020-03-11 09:30:00-04:00,MLTrader,SPY,buy,stop,canceled,1,day,0.0,1,stock,,,
2020-03-11 09:30:00-04:00,MLTrader,SPY,buy,limit,fill,1,day,0.0,1,stock,256.0,86.0,0.0
2020-03-11 09:30:00-04:00,MLTrader,SPY,buy,stop,canceled,1,day,0.0,1,stock,,,
2020-03-11 09:30:00-04:00,MLTrader,SPY,buy,limit,fill,1,day,0.0,1,stock,256.0,62.0,0.0
2020-03-11 09:30:00-04:00,MLTrader,SPY,buy,stop,canceled,1,day,0.0,1,stock,,,
2020-03-11 09:30:00-04:00,MLTrader,SPY,buy,limit,fill,1,day,0.0,1,stock,256.0,72.0,0.0
2020-03-17 09:30:00-04:00,MLTrader,SPY,buy,stop,canceled,1,day,0.0,1,stock,,,
2020-03-17 09:30:00-04:00,MLTrader,SPY,buy,limit,fill,1,day,0.0,1,stock,234.5199951171875,117.0,0.0
2020-04-13 09:30:00-04:00,MLTrader,SPY,sell,market,new,1,gtc,0.0,1,stock,,,
2020-04-13 09:30:00-04:00,MLTrader,SPY,sell,market,fill,1,gtc,0.0,1,stock,280.9800109863281,116.0,0.0
2020-04-27 09:30:00-04:00,MLTrader,SPY,buy,limit,canceled,1,day,0.0,1,stock,,,
2020-04-27 09:30:00-04:00,MLTrader,SPY,buy,stop,canceled,1,day,0.0,1,stock,,,
2020-04-27 09:30:00-04:00,MLTrader,SPY,buy,stop,canceled,1,day,0.0,1,stock,,,
2020-04-27 09:30:00-04:00,MLTrader,SPY,buy,limit,canceled,1,day,0.0,1,stock,,,
2020-04-27 09:30:00-04:00,MLTrader,SPY,buy,market,new,1,day,0.0,1,stock,,,
2020-04-27 09:30:00-04:00,MLTrader,SPY,buy,market,new,1,gtc,0.0,1,stock,,,
2020-04-27 09:30:00-04:00,MLTrader,SPY,buy,market,fill,1,gtc,0.0,1,stock,291.0199890136719,134.0,0.0
2020-04-27 09:30:00-04:00,MLTrader,SPY,buy,market,fill,1,day,0.0,1,stock,291.0199890136719,260.0,0.0
2020-05-11 09:30:00-04:00,MLTrader,SPY,sell,limit,canceled,1,day,0.0,1,stock,,,
2020-05-11 09:30:00-04:00,MLTrader,SPY,sell,stop,canceled,1,day,0.0,1,stock,,,
2020-05-11 09:30:00-04:00,MLTrader,SPY,sell,market,new,1,day,0.0,1,stock,,,
2020-05-11 09:30:00-04:00,MLTrader,SPY,sell,market,new,1,gtc,0.0,1,stock,,,
2020-05-11 09:30:00-04:00,MLTrader,SPY,sell,market,fill,1,gtc,0.0,1,stock,293.7900085449219,55.0,0.0
2020-05-11 09:30:00-04:00,MLTrader,SPY,sell,market,fill,1,day,0.0,1,stock,293.7900085449219,134.0,0.0
2020-05-18 09:30:00-04:00,MLTrader,SPY,buy,stop,canceled,1,day,0.0,1,stock,,,
2020-05-18 09:30:00-04:00,MLTrader,SPY,buy,limit,canceled,1,day,0.0,1,stock,,,
2020-05-18 09:30:00-04:00,MLTrader,SPY,buy,market,new,1,day,0.0,1,stock,,,
2020-05-18 09:30:00-04:00,MLTrader,SPY,buy,market,new,1,gtc,0.0,1,stock,,,
2020-05-18 09:30:00-04:00,MLTrader,SPY,buy,market,fill,1,day,0.0,1,stock,294.3500061035156,55.0,0.0
2020-05-18 09:30:00-04:00,MLTrader,SPY,buy,market,fill,1,gtc,0.0,1,stock,294.3500061035156,92.0,0.0
2020-06-11 09:30:00-04:00,MLTrader,SPY,sell,limit,canceled,1,day,0.0,1,stock,,,
2020-06-11 09:30:00-04:00,MLTrader,SPY,sell,stop,canceled,1,day,0.0,1,stock,,,
2020-06-11 09:30:00-04:00,MLTrader,SPY,sell,market,new,1,day,0.0,1,stock,,,
2020-06-11 09:30:00-04:00,MLTrader,SPY,sell,market,new,1,gtc,0.0,1,stock,,,
2020-06-11 09:30:00-04:00,MLTrader,SPY,sell,market,fill,1,gtc,0.0,1,stock,308.239990234375,60.0,0.0
2020-06-11 09:30:00-04:00,MLTrader,SPY,sell,market,fill,1,day,0.0,1,stock,308.239990234375,92.0,0.0
2020-06-15 09:30:00-04:00,MLTrader,SPY,sell,market,new,1,gtc,0.0,1,stock,,,
2020-06-15 09:30:00-04:00,MLTrader,SPY,sell,market,fill,1,gtc,0.0,1,stock,315.4800109863281,89.0,0.0
2020-06-17 09:30:00-04:00,MLTrader,SPY,sell,market,new,1,gtc,0.0,1,stock,,,
2020-06-17 09:30:00-04:00,MLTrader,SPY,sell,market,fill,1,gtc,0.0,1,stock,310.010009765625,108.0,0.0
2020-06-22 09:30:00-04:00,MLTrader,SPY,sell,market,new,1,gtc,0.0,1,stock,,,
2020-06-22 09:30:00-04:00,MLTrader,SPY,sell,market,fill,1,gtc,0.0,1,stock,313.489990234375,128.0,0.0
2020-06-25 09:30:00-04:00,MLTrader,SPY,buy,limit,canceled,1,day,0.0,1,stock,,,
2020-06-25 09:30:00-04:00,MLTrader,SPY,buy,limit,canceled,1,day,0.0,1,stock,,,
2020-06-25 09:30:00-04:00,MLTrader,SPY,buy,limit,canceled,1,day,0.0,1,stock,,,
2020-06-25 09:30:00-04:00,MLTrader,SPY,buy,stop,canceled,1,day,0.0,1,stock,,,
2020-06-25 09:30:00-04:00,MLTrader,SPY,buy,stop,canceled,1,day,0.0,1,stock,,,
2020-06-25 09:30:00-04:00,MLTrader,SPY,buy,limit,canceled,1,day,0.0,1,stock,,,
2020-06-25 09:30:00-04:00,MLTrader,SPY,buy,stop,canceled,1,day,0.0,1,stock,,,
2020-06-25 09:30:00-04:00,MLTrader,SPY,buy,stop,canceled,1,day,0.0,1,stock,,,
2020-06-25 09:30:00-04:00,MLTrader,SPY,buy,market,new,1,day,0.0,1,stock,,,
2020-06-25 09:30:00-04:00,MLTrader,SPY,buy,market,new,1,gtc,0.0,1,stock,,,
2020-06-25 09:30:00-04:00,MLTrader,SPY,buy,market,fill,1,day,0.0,1,stock,306.1600036621094,385.0,0.0
2020-06-25 09:30:00-04:00,MLTrader,SPY,buy,market,fill,1,gtc,0.0,1,stock,306.1600036621094,158.0,0.0
2020-06-30 09:30:00-04:00,MLTrader,SPY,sell,limit,canceled,1,day,0.0,1,stock,,,
2020-06-30 09:30:00-04:00,MLTrader,SPY,sell,stop,canceled,1,day,0.0,1,stock,,,
2020-06-30 09:30:00-04:00,MLTrader,SPY,sell,market,new,1,day,0.0,1,stock,,,
2020-06-30 09:30:00-04:00,MLTrader,SPY,sell,market,new,1,gtc,0.0,1,stock,,,
2020-06-30 09:30:00-04:00,MLTrader,SPY,sell,market,fill,1,gtc,0.0,1,stock,309.57000732421875,48.0,0.0
2020-06-30 09:30:00-04:00,MLTrader,SPY,sell,market,fill,1,day,0.0,1,stock,309.57000732421875,158.0,0.0
2020-07-01 09:30:00-04:00,MLTrader,SPY,buy,stop,canceled,1,day,0.0,1,stock,,,
2020-07-01 09:30:00-04:00,MLTrader,SPY,buy,limit,canceled,1,day,0.0,1,stock,,,
2020-07-01 09:30:00-04:00,MLTrader,SPY,buy,market,new,1,day,0.0,1,stock,,,
2020-07-01 09:30:00-04:00,MLTrader,SPY,buy,market,new,1,gtc,0.0,1,stock,,,
2020-07-01 09:30:00-04:00,MLTrader,SPY,buy,market,fill,1,gtc,0.0,1,stock,314.239990234375,88.0,0.0
2020-07-01 09:30:00-04:00,MLTrader,SPY,buy,market,fill,1,day,0.0,1,stock,314.239990234375,48.0,0.0
2020-07-06 09:30:00-04:00,MLTrader,SPY,sell,limit,canceled,1,day,0.0,1,stock,,,
2020-07-06 09:30:00-04:00,MLTrader,SPY,sell,stop,canceled,1,day,0.0,1,stock,,,
2020-07-06 09:30:00-04:00,MLTrader,SPY,sell,market,new,1,day,0.0,1,stock,,,
2020-07-06 09:30:00-04:00,MLTrader,SPY,sell,market,new,1,gtc,0.0,1,stock,,,
2020-07-06 09:30:00-04:00,MLTrader,SPY,sell,market,fill,1,day,0.0,1,stock,315.3800048828125,88.0,0.0
2020-07-06 09:30:00-04:00,MLTrader,SPY,sell,market,fill,1,gtc,0.0,1,stock,315.3800048828125,61.0,0.0
2020-07-16 09:30:00-04:00,MLTrader,SPY,buy,limit,canceled,1,day,0.0,1,stock,,,
2020-07-16 09:30:00-04:00,MLTrader,SPY,buy,stop,canceled,1,day,0.0,1,stock,,,
2020-07-16 09:30:00-04:00,MLTrader,SPY,buy,market,new,1,day,0.0,1,stock,,,
2020-07-16 09:30:00-04:00,MLTrader,SPY,buy,market,new,1,gtc,0.0,1,stock,,,
2020-07-16 09:30:00-04:00,MLTrader,SPY,buy,market,fill,1,day,0.0,1,stock,321.8800048828125,61.0,0.0
2020-07-16 09:30:00-04:00,MLTrader,SPY,buy,market,fill,1,gtc,0.0,1,stock,321.8800048828125,89.0,0.0
2020-07-30 09:30:00-04:00,MLTrader,SPY,buy,market,new,1,gtc,0.0,1,stock,,,
2020-07-30 09:30:00-04:00,MLTrader,SPY,buy,market,fill,1,gtc,0.0,1,stock,325.8999938964844,58.0,0.0
2020-08-05 09:30:00-04:00,MLTrader,SPY,buy,market,new,1,gtc,0.0,1,stock,,,
2020-08-05 09:30:00-04:00,MLTrader,SPY,buy,market,fill,1,gtc,0.0,1,stock,331.4800109863281,46.0,0.0
2020-08-28 09:30:00-04:00,MLTrader,SPY,sell,stop,canceled,1,day,0.0,1,stock,,,
2020-08-28 09:30:00-04:00,MLTrader,SPY,sell,limit,canceled,1,day,0.0,1,stock,,,
2020-08-28 09:30:00-04:00,MLTrader,SPY,sell,stop,canceled,1,day,0.0,1,stock,,,
2020-08-28 09:30:00-04:00,MLTrader,SPY,sell,stop,canceled,1,day,0.0,1,stock,,,
2020-08-28 09:30:00-04:00,MLTrader,SPY,sell,limit,canceled,1,day,0.0,1,stock,,,
2020-08-28 09:30:00-04:00,MLTrader,SPY,sell,limit,canceled,1,day,0.0,1,stock,,,
2020-08-28 09:30:00-04:00,MLTrader,SPY,sell,market,new,1,day,0.0,1,stock,,,
2020-08-28 09:30:00-04:00,MLTrader,SPY,sell,market,new,1,gtc,0.0,1,stock,,,
2020-08-28 09:30:00-04:00,MLTrader,SPY,sell,market,fill,1,gtc,0.0,1,stock,349.44000244140625,35.0,0.0
2020-08-28 09:30:00-04:00,MLTrader,SPY,sell,market,fill,1,day,0.0,1,stock,349.44000244140625,193.0,0.0
2020-09-01 09:30:00-04:00,MLTrader,SPY,sell,market,new,1,gtc,0.0,1,stock,,,
2020-09-01 09:30:00-04:00,MLTrader,SPY,sell,market,fill,1,gtc,0.0,1,stock,354.6700134277344,79.0,0.0
2020-09-11 09:30:00-04:00,MLTrader,SPY,sell,market,new,1,gtc,0.0,1,stock,,,
2020-09-11 09:30:00-04:00,MLTrader,SPY,sell,market,fill,1,gtc,0.0,1,stock,335.82000732421875,100.0,0.0
2020-09-14 09:30:00-04:00,MLTrader,SPY,sell,market,new,1,gtc,0.0,1,stock,,,
2020-09-14 09:30:00-04:00,MLTrader,SPY,sell,market,fill,1,gtc,0.0,1,stock,341.1199951171875,118.0,0.0
2020-09-15 09:30:00-04:00,MLTrader,SPY,sell,market,new,1,gtc,0.0,1,stock,,,
2020-09-15 09:30:00-04:00,MLTrader,SPY,sell,market,fill,1,gtc,0.0,1,stock,341.510009765625,142.0,0.0
2020-10-26 09:30:00-04:00,MLTrader,SPY,buy,limit,canceled,1,day,0.0,1,stock,,,
2020-10-26 09:30:00-04:00,MLTrader,SPY,buy,stop,canceled,1,day,0.0,1,stock,,,
2020-10-26 09:30:00-04:00,MLTrader,SPY,buy,limit,canceled,1,day,0.0,1,stock,,,
2020-10-26 09:30:00-04:00,MLTrader,SPY,buy,stop,canceled,1,day,0.0,1,stock,,,
2020-10-26 09:30:00-04:00,MLTrader,SPY,buy,stop,canceled,1,day,0.0,1,stock,,,
2020-10-26 09:30:00-04:00,MLTrader,SPY,buy,limit,canceled,1,day,0.0,1,stock,,,
2020-10-26 09:30:00-04:00,MLTrader,SPY,buy,stop,canceled,1,day,0.0,1,stock,,,
2020-10-26 09:30:00-04:00,MLTrader,SPY,buy,stop,canceled,1,day,0.0,1,stock,,,
2020-10-26 09:30:00-04:00,MLTrader,SPY,buy,limit,canceled,1,day,0.0,1,stock,,,
2020-10-26 09:30:00-04:00,MLTrader,SPY,buy,limit,canceled,1,day,0.0,1,stock,,,
2020-10-26 09:30:00-04:00,MLTrader,SPY,buy,market,new,1,day,0.0,1,stock,,,
2020-10-26 09:30:00-04:00,MLTrader,SPY,buy,market,new,1,gtc,0.0,1,stock,,,
2020-10-26 09:30:00-04:00,MLTrader,SPY,buy,market,fill,1,gtc,0.0,1,stock,339.760009765625,171.0,0.0
2020-10-26 09:30:00-04:00,MLTrader,SPY,buy,market,fill,1,day,0.0,1,stock,339.760009765625,474.0,0.0
2020-10-29 09:30:00-04:00,MLTrader,SPY,sell,limit,canceled,1,day,0.0,1,stock,,,
2020-10-29 09:30:00-04:00,MLTrader,SPY,sell,stop,fill,1,day,0.0,1,stock,322.7720092773437,171.0,0.0
2020-12-03 09:30:00-05:00,MLTrader,SPY,buy,market,new,1,gtc,0.0,1,stock,,,
2020-12-03 09:30:00-05:00,MLTrader,SPY,buy,market,fill,1,gtc,0.0,1,stock,366.67999267578125,69.0,0.0
2020-12-31 09:30:00-05:00,MLTrader,SPY,sell,limit,canceled,1,day,0.0,1,stock,,,
2020-12-31 09:30:00-05:00,MLTrader,SPY,sell,stop,canceled,1,day,0.0,1,stock,,,
2020-12-31 09:30:00-05:00,MLTrader,SPY,sell,market,new,1,day,0.0,1,stock,,,
2020-12-31 09:30:00-05:00,MLTrader,SPY,sell,market,new,1,gtc,0.0,1,stock,,,
2020-12-31 09:30:00-05:00,MLTrader,SPY,sell,market,fill,1,gtc,0.0,1,stock,371.7799987792969,55.0,0.0
2020-12-31 09:30:00-05:00,MLTrader,SPY,sell,market,fill,1,day,0.0,1,stock,371.7799987792969,69.0,0.0
2021-01-14 09:30:00-05:00,MLTrader,SPY,sell,market,new,1,gtc,0.0,1,stock,,,
2021-01-14 09:30:00-05:00,MLTrader,SPY,sell,market,fill,1,gtc,0.0,1,stock,380.5899963378906,78.0,0.0
2021-01-28 09:30:00-05:00,MLTrader,SPY,sell,market,new,1,gtc,0.0,1,stock,,,
2021-01-28 09:30:00-05:00,MLTrader,SPY,sell,market,fill,1,gtc,0.0,1,stock,376.3599853515625,94.0,0.0
2021-02-08 08:30:00-05:00,MLTrader,SPY,buy,limit,canceled,1,day,0.0,1,stock,,,
2021-02-08 08:30:00-05:00,MLTrader,SPY,buy,stop,fill,1,day,0.0,1,stock,390.3689987182617,55.0,0.0
2021-02-18 09:30:00-05:00,MLTrader,SPY,buy,limit,canceled,1,day,0.0,1,stock,,,
2021-02-18 09:30:00-05:00,MLTrader,SPY,buy,stop,canceled,1,day,0.0,1,stock,,,
2021-02-18 09:30:00-05:00,MLTrader,SPY,buy,stop,canceled,1,day,0.0,1,stock,,,
2021-02-18 09:30:00-05:00,MLTrader,SPY,buy,limit,canceled,1,day,0.0,1,stock,,,
2021-02-18 09:30:00-05:00,MLTrader,SPY,buy,market,new,1,day,0.0,1,stock,,,
2021-02-18 09:30:00-05:00,MLTrader,SPY,buy,market,new,1,gtc,0.0,1,stock,,,
2021-02-18 09:30:00-05:00,MLTrader,SPY,buy,market,fill,1,day,0.0,1,stock,389.5899963378906,172.0,0.0
2021-02-18 09:30:00-05:00,MLTrader,SPY,buy,market,fill,1,gtc,0.0,1,stock,389.5899963378906,98.0,0.0
2021-04-05 09:30:00-04:00,MLTrader,SPY,sell,stop,canceled,1,day,0.0,1,stock,,,
2021-04-05 09:30:00-04:00,MLTrader,SPY,sell,limit,canceled,1,day,0.0,1,stock,,,
2021-04-05 09:30:00-04:00,MLTrader,SPY,sell,market,new,1,day,0.0,1,stock,,,
2021-04-05 09:30:00-04:00,MLTrader,SPY,sell,market,new,1,gtc,0.0,1,stock,,,
2021-04-05 09:30:00-04:00,MLTrader,SPY,sell,market,fill,1,gtc,0.0,1,stock,405.760009765625,42.0,0.0
2021-04-05 09:30:00-04:00,MLTrader,SPY,sell,market,fill,1,day,0.0,1,stock,405.760009765625,98.0,0.0
2021-04-29 09:30:00-04:00,MLTrader,SPY,buy,stop,canceled,1,day,0.0,1,stock,,,
2021-04-29 09:30:00-04:00,MLTrader,SPY,buy,limit,canceled,1,day,0.0,1,stock,,,
2021-04-29 09:30:00-04:00,MLTrader,SPY,buy,market,new,1,day,0.0,1,stock,,,
2021-04-29 09:30:00-04:00,MLTrader,SPY,buy,market,new,1,gtc,0.0,1,stock,,,
2021-04-29 09:30:00-04:00,MLTrader,SPY,buy,market,fill,1,day,0.0,1,stock,417.6300048828125,42.0,0.0
2021-04-29 09:30:00-04:00,MLTrader,SPY,buy,market,fill,1,gtc,0.0,1,stock,417.6300048828125,68.0,0.0
2021-05-19 09:30:00-04:00,MLTrader,SPY,sell,stop,canceled,1,day,0.0,1,stock,,,
2021-05-19 09:30:00-04:00,MLTrader,SPY,sell,limit,canceled,1,day,0.0,1,stock,,,
2021-05-19 09:30:00-04:00,MLTrader,SPY,sell,market,new,1,day,0.0,1,stock,,,
2021-05-19 09:30:00-04:00,MLTrader,SPY,sell,market,new,1,gtc,0.0,1,stock,,,
2021-05-19 09:30:00-04:00,MLTrader,SPY,sell,market,fill,1,day,0.0,1,stock,411.79998779296875,68.0,0.0
2021-05-19 09:30:00-04:00,MLTrader,SPY,sell,market,fill,1,gtc,0.0,1,stock,411.79998779296875,47.0,0.0
2021-05-27 09:30:00-04:00,MLTrader,SPY,sell,market,new,1,gtc,0.0,1,stock,,,
2021-05-27 09:30:00-04:00,MLTrader,SPY,sell,market,fill,1,gtc,0.0,1,stock,420.9700012207031,69.0,0.0
2021-06-01 09:30:00-04:00,MLTrader,SPY,sell,market,new,1,gtc,0.0,1,stock,,,
2021-06-01 09:30:00-04:00,MLTrader,SPY,sell,market,fill,1,gtc,0.0,1,stock,420.3699951171875,82.0,0.0
2021-06-09 09:30:00-04:00,MLTrader,SPY,sell,market,new,1,gtc,0.0,1,stock,,,
2021-06-09 09:30:00-04:00,MLTrader,SPY,sell,market,fill,1,gtc,0.0,1,stock,422.9599914550781,98.0,0.0
2021-07-01 09:30:00-04:00,MLTrader,SPY,buy,limit,canceled,1,day,0.0,1,stock,,,
2021-07-01 09:30:00-04:00,MLTrader,SPY,buy,stop,fill,1,day,0.0,1,stock,432.38998718261723,47.0,0.0
2021-07-16 09:30:00-04:00,MLTrader,SPY,sell,market,new,1,gtc,0.0,1,stock,,,
2021-07-16 09:30:00-04:00,MLTrader,SPY,sell,market,fill,1,gtc,0.0,1,stock,436.010009765625,105.0,0.0
2021-07-28 09:30:00-04:00,MLTrader,SPY,buy,limit,canceled,1,day,0.0,1,stock,,,
2021-07-28 09:30:00-04:00,MLTrader,SPY,buy,stop,fill,1,day,0.0,1,stock,441.3884948730469,82.0,0.0
2021-08-05 09:30:00-04:00,MLTrader,SPY,buy,limit,canceled,1,day,0.0,1,stock,,,
2021-08-05 09:30:00-04:00,MLTrader,SPY,buy,stop,fill,1,day,0.0,1,stock,442.1000061035156,69.0,0.0
2021-08-11 09:30:00-04:00,MLTrader,SPY,buy,limit,canceled,1,day,0.0,1,stock,,,
2021-08-11 09:30:00-04:00,MLTrader,SPY,buy,stop,fill,1,day,0.0,1,stock,444.10799102783204,98.0,0.0
2021-10-08 09:30:00-04:00,MLTrader,SPY,buy,stop,canceled,1,day,0.0,1,stock,,,
2021-10-08 09:30:00-04:00,MLTrader,SPY,buy,limit,canceled,1,day,0.0,1,stock,,,
2021-10-08 09:30:00-04:00,MLTrader,SPY,buy,market,new,1,day,0.0,1,stock,,,
2021-10-08 09:30:00-04:00,MLTrader,SPY,buy,market,new,1,gtc,0.0,1,stock,,,
2021-10-08 09:30:00-04:00,MLTrader,SPY,buy,market,fill,1,day,0.0,1,stock,439.4800109863281,105.0,0.0
2021-10-08 09:30:00-04:00,MLTrader,SPY,buy,market,fill,1,gtc,0.0,1,stock,439.4800109863281,75.0,0.0
2021-12-09 09:30:00-05:00,MLTrader,SPY,buy,market,new,1,gtc,0.0,1,stock,,,
2021-12-09 09:30:00-05:00,MLTrader,SPY,buy,market,fill,1,gtc,0.0,1,stock,468.1499938964844,36.0,0.0
2022-01-03 09:30:00-05:00,MLTrader,SPY,sell,limit,canceled,1,day,0.0,1,stock,,,
2022-01-03 09:30:00-05:00,MLTrader,SPY,sell,stop,canceled,1,day,0.0,1,stock,,,
2022-01-03 09:30:00-05:00,MLTrader,SPY,sell,stop,canceled,1,day,0.0,1,stock,,,
2022-01-03 09:30:00-05:00,MLTrader,SPY,sell,limit,canceled,1,day,0.0,1,stock,,,
2022-01-03 09:30:00-05:00,MLTrader,SPY,sell,market,new,1,day,0.0,1,stock,,,
2022-01-03 09:30:00-05:00,MLTrader,SPY,sell,market,new,1,gtc,0.0,1,stock,,,
2022-01-03 09:30:00-05:00,MLTrader,SPY,sell,market,fill,1,gtc,0.0,1,stock,476.29998779296875,29.0,0.0
2022-01-03 09:30:00-05:00,MLTrader,SPY,sell,market,fill,1,day,0.0,1,stock,476.29998779296875,111.0,0.0
2022-01-14 09:30:00-05:00,MLTrader,SPY,sell,market,new,1,gtc,0.0,1,stock,,,
2022-01-14 09:30:00-05:00,MLTrader,SPY,sell,market,fill,1,gtc,0.0,1,stock,461.19000244140625,59.0,0.0
2022-01-21 09:30:00-05:00,MLTrader,SPY,sell,market,new,1,gtc,0.0,1,stock,,,
2022-01-21 09:30:00-05:00,MLTrader,SPY,sell,market,fill,1,gtc,0.0,1,stock,445.55999755859375,73.0,0.0
2022-02-18 09:30:00-05:00,MLTrader,SPY,sell,market,new,1,gtc,0.0,1,stock,,,
2022-02-18 09:30:00-05:00,MLTrader,SPY,sell,market,fill,1,gtc,0.0,1,stock,437.3299865722656,89.0,0.0
2022-03-04 09:30:00-05:00,MLTrader,SPY,sell,market,new,1,gtc,0.0,1,stock,,,
2022-03-04 09:30:00-05:00,MLTrader,SPY,sell,market,fill,1,gtc,0.0,1,stock,431.75,108.0,0.0
2022-03-14 09:30:00-04:00,MLTrader,SPY,sell,market,new,1,gtc,0.0,1,stock,,,
2022-03-14 09:30:00-04:00,MLTrader,SPY,sell,market,fill,1,gtc,0.0,1,stock,419.7699890136719,134.0,0.0
2022-03-16 09:30:00-04:00,MLTrader,SPY,buy,limit,canceled,1,day,0.0,1,stock,,,
2022-03-16 09:30:00-04:00,MLTrader,SPY,buy,stop,fill,1,day,0.0,1,stock,440.7584884643555,134.0,0.0
2022-03-18 09:30:00-04:00,MLTrader,SPY,sell,market,new,1,gtc,0.0,1,stock,,,
2022-03-18 09:30:00-04:00,MLTrader,SPY,sell,market,fill,1,gtc,0.0,1,stock,438.0,127.0,0.0
2022-03-24 09:30:00-04:00,MLTrader,SPY,sell,market,new,1,gtc,0.0,1,stock,,,
2022-03-24 09:30:00-04:00,MLTrader,SPY,sell,market,fill,1,gtc,0.0,1,stock,451.1600036621094,148.0,0.0
2022-03-28 08:30:00-04:00,MLTrader,SPY,buy,limit,canceled,1,day,0.0,1,stock,,,
2022-03-28 08:30:00-04:00,MLTrader,SPY,buy,stop,fill,1,day,0.0,1,stock,460.0199890136719,108.0,0.0
2022-03-28 08:30:00-04:00,MLTrader,SPY,buy,limit,canceled,1,day,0.0,1,stock,,,
2022-03-28 08:30:00-04:00,MLTrader,SPY,buy,stop,fill,1,day,0.0,1,stock,460.0199890136719,89.0,0.0
2022-03-28 08:30:00-04:00,MLTrader,SPY,buy,limit,canceled,1,day,0.0,1,stock,,,
2022-03-28 08:30:00-04:00,MLTrader,SPY,buy,stop,fill,1,day,0.0,1,stock,460.0199890136719,127.0,0.0
2022-04-19 09:30:00-04:00,MLTrader,SPY,sell,market,new,1,gtc,0.0,1,stock,,,
2022-04-19 09:30:00-04:00,MLTrader,SPY,sell,market,fill,1,gtc,0.0,1,stock,446.9200134277344,112.0,0.0
2022-04-21 09:30:00-04:00,MLTrader,SPY,sell,market,new,1,gtc,0.0,1,stock,,,
2022-04-21 09:30:00-04:00,MLTrader,SPY,sell,market,fill,1,gtc,0.0,1,stock,436.9100036621094,138.0,0.0
2022-04-22 09:30:00-04:00,MLTrader,SPY,sell,market,new,1,gtc,0.0,1,stock,,,
2022-04-22 09:30:00-04:00,MLTrader,SPY,sell,market,fill,1,gtc,0.0,1,stock,436.9100036621094,166.0,0.0
2022-04-26 09:30:00-04:00,MLTrader,SPY,sell,market,new,1,gtc,0.0,1,stock,,,
2022-04-26 09:30:00-04:00,MLTrader,SPY,sell,market,fill,1,gtc,0.0,1,stock,417.239990234375,208.0,0.0
2022-04-27 09:30:00-04:00,MLTrader,SPY,sell,market,new,1,gtc,0.0,1,stock,,,
2022-04-27 09:30:00-04:00,MLTrader,SPY,sell,market,fill,1,gtc,0.0,1,stock,422.2900085449219,247.0,0.0
2022-04-28 09:30:00-04:00,MLTrader,SPY,sell,market,new,1,gtc,0.0,1,stock,,,
2022-04-28 09:30:00-04:00,MLTrader,SPY,sell,market,fill,1,gtc,0.0,1,stock,423.5899963378906,295.0,0.0
2022-04-29 09:30:00-04:00,MLTrader,SPY,buy,stop,canceled,1,day,0.0,1,stock,,,
2022-04-29 09:30:00-04:00,MLTrader,SPY,buy,limit,canceled,1,day,0.0,1,stock,,,
2022-04-29 09:30:00-04:00,MLTrader,SPY,buy,stop,canceled,1,day,0.0,1,stock,,,
2022-04-29 09:30:00-04:00,MLTrader,SPY,buy,limit,canceled,1,day,0.0,1,stock,,,
2022-04-29 09:30:00-04:00,MLTrader,SPY,buy,limit,canceled,1,day,0.0,1,stock,,,
2022-04-29 09:30:00-04:00,MLTrader,SPY,buy,stop,canceled,1,day,0.0,1,stock,,,
2022-04-29 09:30:00-04:00,MLTrader,SPY,buy,stop,canceled,1,day,0.0,1,stock,,,
2022-04-29 09:30:00-04:00,MLTrader,SPY,buy,stop,canceled,1,day,0.0,1,stock,,,
2022-04-29 09:30:00-04:00,MLTrader,SPY,buy,limit,canceled,1,day,0.0,1,stock,,,
2022-04-29 09:30:00-04:00,MLTrader,SPY,buy,stop,canceled,1,day,0.0,1,stock,,,
2022-04-29 09:30:00-04:00,MLTrader,SPY,buy,stop,canceled,1,day,0.0,1,stock,,,
2022-04-29 09:30:00-04:00,MLTrader,SPY,buy,limit,canceled,1,day,0.0,1,stock,,,
2022-04-29 09:30:00-04:00,MLTrader,SPY,buy,limit,canceled,1,day,0.0,1,stock,,,
2022-04-29 09:30:00-04:00,MLTrader,SPY,buy,stop,canceled,1,day,0.0,1,stock,,,
2022-04-29 09:30:00-04:00,MLTrader,SPY,buy,limit,canceled,1,day,0.0,1,stock,,,
2022-04-29 09:30:00-04:00,MLTrader,SPY,buy,stop,canceled,1,day,0.0,1,stock,,,
2022-04-29 09:30:00-04:00,MLTrader,SPY,buy,stop,canceled,1,day,0.0,1,stock,,,
2022-04-29 09:30:00-04:00,MLTrader,SPY,buy,limit,canceled,1,day,0.0,1,stock,,,
2022-04-29 09:30:00-04:00,MLTrader,SPY,buy,limit,canceled,1,day,0.0,1,stock,,,
2022-04-29 09:30:00-04:00,MLTrader,SPY,buy,limit,canceled,1,day,0.0,1,stock,,,
2022-04-29 09:30:00-04:00,MLTrader,SPY,buy,market,new,1,day,0.0,1,stock,,,
2022-04-29 09:30:00-04:00,MLTrader,SPY,buy,market,new,1,gtc,0.0,1,stock,,,
2022-04-29 09:30:00-04:00,MLTrader,SPY,buy,market,fill,1,gtc,0.0,1,stock,423.5899963378906,354.0,0.0
2022-04-29 09:30:00-04:00,MLTrader,SPY,buy,market,fill,1,day,0.0,1,stock,423.5899963378906,1475.0,0.0
2022-05-09 08:30:00-04:00,MLTrader,SPY,sell,limit,canceled,1,day,0.0,1,stock,,,
2022-05-09 08:30:00-04:00,MLTrader,SPY,sell,stop,fill,1,day,0.0,1,stock,402.41049652099605,354.0,0.0
2022-06-10 09:30:00-04:00,MLTrader,SPY,sell,market,new,1,gtc,0.0,1,stock,,,
2022-06-10 09:30:00-04:00,MLTrader,SPY,sell,market,fill,1,gtc,0.0,1,stock,394.8800048828125,60.0,0.0
2022-06-15 09:30:00-04:00,MLTrader,SPY,sell,market,new,1,gtc,0.0,1,stock,,,
2022-06-15 09:30:00-04:00,MLTrader,SPY,sell,market,fill,1,gtc,0.0,1,stock,370.510009765625,76.0,0.0
2022-06-23 09:30:00-04:00,MLTrader,SPY,buy,limit,canceled,1,day,0.0,1,stock,,,
2022-06-23 09:30:00-04:00,MLTrader,SPY,buy,stop,fill,1,day,0.0,1,stock,389.03551025390624,76.0,0.0
2022-06-28 09:30:00-04:00,MLTrader,SPY,sell,market,new,1,gtc,0.0,1,stock,,,
2022-06-28 09:30:00-04:00,MLTrader,SPY,sell,market,fill,1,gtc,0.0,1,stock,381.2300109863281,74.0,0.0
2022-07-07 09:30:00-04:00,MLTrader,SPY,sell,market,new,1,gtc,0.0,1,stock,,,
2022-07-07 09:30:00-04:00,MLTrader,SPY,sell,market,fill,1,gtc,0.0,1,stock,387.2699890136719,87.0,0.0
2022-07-08 09:30:00-04:00,MLTrader,SPY,buy,stop,canceled,1,day,0.0,1,stock,,,
2022-07-08 09:30:00-04:00,MLTrader,SPY,buy,limit,canceled,1,day,0.0,1,stock,,,
2022-07-08 09:30:00-04:00,MLTrader,SPY,buy,stop,canceled,1,day,0.0,1,stock,,,
2022-07-08 09:30:00-04:00,MLTrader,SPY,buy,stop,canceled,1,day,0.0,1,stock,,,
2022-07-08 09:30:00-04:00,MLTrader,SPY,buy,limit,canceled,1,day,0.0,1,stock,,,
2022-07-08 09:30:00-04:00,MLTrader,SPY,buy,limit,canceled,1,day,0.0,1,stock,,,
2022-07-08 09:30:00-04:00,MLTrader,SPY,buy,market,new,1,day,0.0,1,stock,,,
2022-07-08 09:30:00-04:00,MLTrader,SPY,buy,market,new,1,gtc,0.0,1,stock,,,
2022-07-08 09:30:00-04:00,MLTrader,SPY,buy,market,fill,1,day,0.0,1,stock,387.2699890136719,221.0,0.0
2022-07-08 09:30:00-04:00,MLTrader,SPY,buy,market,fill,1,gtc,0.0,1,stock,387.2699890136719,104.0,0.0
2022-07-14 09:30:00-04:00,MLTrader,SPY,sell,limit,canceled,1,day,0.0,1,stock,,,
2022-07-14 09:30:00-04:00,MLTrader,SPY,sell,stop,canceled,1,day,0.0,1,stock,,,
2022-07-14 09:30:00-04:00,MLTrader,SPY,sell,market,new,1,day,0.0,1,stock,,,
2022-07-14 09:30:00-04:00,MLTrader,SPY,sell,market,new,1,gtc,0.0,1,stock,,,
2022-07-14 09:30:00-04:00,MLTrader,SPY,sell,market,fill,1,gtc,0.0,1,stock,382.54998779296875,40.0,0.0
2022-07-14 09:30:00-04:00,MLTrader,SPY,sell,market,fill,1,day,0.0,1,stock,382.54998779296875,104.0,0.0
2022-07-15 09:30:00-04:00,MLTrader,SPY,sell,market,new,1,gtc,0.0,1,stock,,,
2022-07-15 09:30:00-04:00,MLTrader,SPY,sell,market,fill,1,gtc,0.0,1,stock,382.54998779296875,69.0,0.0
2022-07-26 09:30:00-04:00,MLTrader,SPY,buy,limit,canceled,1,day,0.0,1,stock,,,
2022-07-26 09:30:00-04:00,MLTrader,SPY,buy,stop,fill,1,day,0.0,1,stock,401.6774871826172,40.0,0.0
2022-07-26 09:30:00-04:00,MLTrader,SPY,buy,limit,canceled,1,day,0.0,1,stock,,,
2022-07-26 09:30:00-04:00,MLTrader,SPY,buy,stop,fill,1,day,0.0,1,stock,401.6774871826172,69.0,0.0
2022-08-18 09:30:00-04:00,MLTrader,SPY,buy,market,new,1,gtc,0.0,1,stock,,,
2022-08-18 09:30:00-04:00,MLTrader,SPY,buy,market,fill,1,gtc,0.0,1,stock,424.9800109863281,54.0,0.0
2022-08-29 08:30:00-04:00,MLTrader,SPY,sell,limit,canceled,1,day,0.0,1,stock,,,
2022-08-29 08:30:00-04:00,MLTrader,SPY,sell,stop,fill,1,day,0.0,1,stock,403.7310104370117,54.0,0.0
2022-08-31 09:30:00-04:00,MLTrader,SPY,sell,market,new,1,gtc,0.0,1,stock,,,
2022-08-31 09:30:00-04:00,MLTrader,SPY,sell,market,fill,1,gtc,0.0,1,stock,392.8900146484375,57.0,0.0
2022-09-07 09:30:00-04:00,MLTrader,SPY,sell,market,new,1,gtc,0.0,1,stock,,,
2022-09-07 09:30:00-04:00,MLTrader,SPY,sell,market,fill,1,gtc,0.0,1,stock,395.3900146484375,68.0,0.0
2022-09-08 09:30:00-04:00,MLTrader,SPY,buy,limit,canceled,1,day,0.0,1,stock,,,
2022-09-08 09:30:00-04:00,MLTrader,SPY,buy,stop,canceled,1,day,0.0,1,stock,,,
2022-09-08 09:30:00-04:00,MLTrader,SPY,buy,limit,canceled,1,day,0.0,1,stock,,,
2022-09-08 09:30:00-04:00,MLTrader,SPY,buy,stop,canceled,1,day,0.0,1,stock,,,
2022-09-08 09:30:00-04:00,MLTrader,SPY,buy,market,new,1,day,0.0,1,stock,,,
2022-09-08 09:30:00-04:00,MLTrader,SPY,buy,market,new,1,gtc,0.0,1,stock,,,
2022-09-08 09:30:00-04:00,MLTrader,SPY,buy,market,fill,1,day,0.0,1,stock,402.739990234375,125.0,0.0
2022-09-08 09:30:00-04:00,MLTrader,SPY,buy,market,fill,1,gtc,0.0,1,stock,402.739990234375,80.0,0.0
2022-09-12 09:30:00-04:00,MLTrader,SPY,buy,market,new,1,gtc,0.0,1,stock,,,
2022-09-12 09:30:00-04:00,MLTrader,SPY,buy,market,fill,1,gtc,0.0,1,stock,401.8299865722656,40.0,0.0
2022-09-15 09:30:00-04:00,MLTrader,SPY,sell,limit,canceled,1,day,0.0,1,stock,,,
2022-09-15 09:30:00-04:00,MLTrader,SPY,sell,stop,fill,1,day,0.0,1,stock,382.6029907226562,80.0,0.0
2022-09-16 09:30:00-04:00,MLTrader,SPY,sell,stop,canceled,1,day,0.0,1,stock,,,
2022-09-16 09:30:00-04:00,MLTrader,SPY,sell,limit,canceled,1,day,0.0,1,stock,,,
2022-09-16 09:30:00-04:00,MLTrader,SPY,sell,market,new,1,day,0.0,1,stock,,,
2022-09-16 09:30:00-04:00,MLTrader,SPY,sell,market,new,1,gtc,0.0,1,stock,,,
2022-09-16 09:30:00-04:00,MLTrader,SPY,sell,market,fill,1,gtc,0.0,1,stock,384.1400146484375,49.0,0.0
2022-09-16 09:30:00-04:00,MLTrader,SPY,sell,market,fill,1,day,0.0,1,stock,384.1400146484375,40.0,0.0
2022-09-19 09:30:00-04:00,MLTrader,SPY,sell,market,new,1,gtc,0.0,1,stock,,,
2022-09-19 09:30:00-04:00,MLTrader,SPY,sell,market,fill,1,gtc,0.0,1,stock,385.05999755859375,67.0,0.0
2022-09-27 09:30:00-04:00,MLTrader,SPY,sell,market,new,1,gtc,0.0,1,stock,,,
2022-09-27 09:30:00-04:00,MLTrader,SPY,sell,market,fill,1,gtc,0.0,1,stock,364.3800048828125,84.0,0.0
2022-09-28 09:30:00-04:00,MLTrader,SPY,sell,market,new,1,gtc,0.0,1,stock,,,
2022-09-28 09:30:00-04:00,MLTrader,SPY,sell,market,fill,1,gtc,0.0,1,stock,366.80999755859375,101.0,0.0
2022-10-13 09:30:00-04:00,MLTrader,SPY,sell,market,new,1,gtc,0.0,1,stock,,,
2022-10-13 09:30:00-04:00,MLTrader,SPY,sell,market,fill,1,gtc,0.0,1,stock,368.54998779296875,120.0,0.0
2022-10-20 09:30:00-04:00,MLTrader,SPY,sell,market,new,1,gtc,0.0,1,stock,,,
2022-10-20 09:30:00-04:00,MLTrader,SPY,sell,market,fill,1,gtc,0.0,1,stock,365.1199951171875,146.0,0.0
2022-10-24 08:30:00-04:00,MLTrader,SPY,buy,limit,canceled,1,day,0.0,1,stock,,,
2022-10-24 08:30:00-04:00,MLTrader,SPY,buy,stop,fill,1,day,0.0,1,stock,383.37599487304686,146.0,0.0
2022-10-24 08:30:00-04:00,MLTrader,SPY,buy,limit,canceled,1,day,0.0,1,stock,,,
2022-10-24 08:30:00-04:00,MLTrader,SPY,buy,stop,fill,1,day,0.0,1,stock,385.15049743652344,101.0,0.0
2022-10-24 08:30:00-04:00,MLTrader,SPY,buy,limit,canceled,1,day,0.0,1,stock,,,
2022-10-24 08:30:00-04:00,MLTrader,SPY,buy,stop,fill,1,day,0.0,1,stock,382.59900512695316,84.0,0.0
2022-10-25 09:30:00-04:00,MLTrader,SPY,buy,limit,canceled,1,day,0.0,1,stock,,,
2022-10-25 09:30:00-04:00,MLTrader,SPY,buy,stop,fill,1,day,0.0,1,stock,386.9774871826172,120.0,0.0
2022-11-03 09:30:00-04:00,MLTrader,SPY,sell,market,new,1,gtc,0.0,1,stock,,,
2022-11-03 09:30:00-04:00,MLTrader,SPY,sell,market,fill,1,gtc,0.0,1,stock,377.0,77.0,0.0
2022-11-11 09:30:00-05:00,MLTrader,SPY,buy,limit,canceled,1,day,0.0,1,stock,,,
2022-11-11 09:30:00-05:00,MLTrader,SPY,buy,stop,fill,1,day,0.0,1,stock,395.85,77.0,0.0
2022-11-15 09:30:00-05:00,MLTrader,SPY,sell,market,new,1,gtc,0.0,1,stock,,,
2022-11-15 09:30:00-05:00,MLTrader,SPY,sell,market,fill,1,gtc,0.0,1,stock,401.1499938964844,72.0,0.0
2022-11-28 09:30:00-05:00,MLTrader,SPY,sell,market,new,1,gtc,0.0,1,stock,,,
2022-11-28 09:30:00-05:00,MLTrader,SPY,sell,market,fill,1,gtc,0.0,1,stock,399.0899963378906,87.0,0.0
2022-11-30 09:30:00-05:00,MLTrader,SPY,buy,limit,canceled,1,day,0.0,1,stock,,,
2022-11-30 09:30:00-05:00,MLTrader,SPY,buy,stop,fill,1,day,0.0,1,stock,404.31299743652346,67.0,0.0
2022-11-30 09:30:00-05:00,MLTrader,SPY,buy,limit,canceled,1,day,0.0,1,stock,,,
2022-11-30 09:30:00-05:00,MLTrader,SPY,buy,stop,fill,1,day,0.0,1,stock,403.3470153808594,49.0,0.0
2022-12-07 09:30:00-05:00,MLTrader,SPY,sell,market,new,1,gtc,0.0,1,stock,,,
2022-12-07 09:30:00-05:00,MLTrader,SPY,sell,market,fill,1,gtc,0.0,1,stock,392.94000244140625,82.0,0.0
2023-01-19 09:30:00-05:00,MLTrader,SPY,sell,market,new,1,gtc,0.0,1,stock,,,
2023-01-19 09:30:00-05:00,MLTrader,SPY,sell,market,fill,1,gtc,0.0,1,stock,389.3599853515625,99.0,0.0
2023-02-01 09:30:00-05:00,MLTrader,SPY,buy,limit,canceled,1,day,0.0,1,stock,,,
2023-02-01 09:30:00-05:00,MLTrader,SPY,buy,stop,fill,1,day,0.0,1,stock,412.5870025634766,82.0,0.0
2023-02-01 09:30:00-05:00,MLTrader,SPY,buy,limit,canceled,1,day,0.0,1,stock,,,
2023-02-01 09:30:00-05:00,MLTrader,SPY,buy,stop,fill,1,day,0.0,1,stock,408.82798461914064,99.0,0.0
2023-02-13 09:30:00-05:00,MLTrader,SPY,sell,market,new,1,gtc,0.0,1,stock,,,
2023-02-13 09:30:00-05:00,MLTrader,SPY,sell,market,fill,1,gtc,0.0,1,stock,408.7200012207031,77.0,0.0
2023-02-23 09:30:00-05:00,MLTrader,SPY,sell,market,new,1,gtc,0.0,1,stock,,,
2023-02-23 09:30:00-05:00,MLTrader,SPY,sell,market,fill,1,gtc,0.0,1,stock,401.55999755859375,94.0,0.0
2023-02-27 09:30:00-05:00,MLTrader,SPY,sell,market,new,1,gtc,0.0,1,stock,,,
2023-02-27 09:30:00-05:00,MLTrader,SPY,sell,market,fill,1,gtc,0.0,1,stock,399.8699951171875,113.0,0.0
2023-02-28 09:30:00-05:00,MLTrader,SPY,sell,market,new,1,gtc,0.0,1,stock,,,
2023-02-28 09:30:00-05:00,MLTrader,SPY,sell,market,fill,1,gtc,0.0,1,stock,397.2300109863281,137.0,0.0
2023-03-01 09:30:00-05:00,MLTrader,SPY,sell,market,new,1,gtc,0.0,1,stock,,,
2023-03-01 09:30:00-05:00,MLTrader,SPY,sell,market,fill,1,gtc,0.0,1,stock,395.4100036621094,165.0,0.0
2023-03-08 09:30:00-05:00,MLTrader,SPY,sell,market,new,1,gtc,0.0,1,stock,,,
2023-03-08 09:30:00-05:00,MLTrader,SPY,sell,market,fill,1,gtc,0.0,1,stock,398.3900146484375,196.0,0.0
2023-03-09 09:30:00-05:00,MLTrader,SPY,buy,stop,canceled,1,day,0.0,1,stock,,,
2023-03-09 09:30:00-05:00,MLTrader,SPY,buy,stop,canceled,1,day,0.0,1,stock,,,
2023-03-09 09:30:00-05:00,MLTrader,SPY,buy,stop,canceled,1,day,0.0,1,stock,,,
2023-03-09 09:30:00-05:00,MLTrader,SPY,buy,limit,canceled,1,day,0.0,1,stock,,,
2023-03-09 09:30:00-05:00,MLTrader,SPY,buy,stop,canceled,1,day,0.0,1,stock,,,
2023-03-09 09:30:00-05:00,MLTrader,SPY,buy,stop,canceled,1,day,0.0,1,stock,,,
2023-03-09 09:30:00-05:00,MLTrader,SPY,buy,stop,canceled,1,day,0.0,1,stock,,,
2023-03-09 09:30:00-05:00,MLTrader,SPY,buy,limit,canceled,1,day,0.0,1,stock,,,
2023-03-09 09:30:00-05:00,MLTrader,SPY,buy,limit,canceled,1,day,0.0,1,stock,,,
2023-03-09 09:30:00-05:00,MLTrader,SPY,buy,limit,canceled,1,day,0.0,1,stock,,,
2023-03-09 09:30:00-05:00,MLTrader,SPY,buy,stop,canceled,1,day,0.0,1,stock,,,
2023-03-09 09:30:00-05:00,MLTrader,SPY,buy,limit,canceled,1,day,0.0,1,stock,,,
2023-03-09 09:30:00-05:00,MLTrader,SPY,buy,stop,canceled,1,day,0.0,1,stock,,,
2023-03-09 09:30:00-05:00,MLTrader,SPY,buy,limit,canceled,1,day,0.0,1,stock,,,
2023-03-09 09:30:00-05:00,MLTrader,SPY,buy,limit,canceled,1,day,0.0,1,stock,,,
2023-03-09 09:30:00-05:00,MLTrader,SPY,buy,limit,canceled,1,day,0.0,1,stock,,,
2023-03-09 09:30:00-05:00,MLTrader,SPY,buy,market,new,1,day,0.0,1,stock,,,
2023-03-09 09:30:00-05:00,MLTrader,SPY,buy,market,new,1,gtc,0.0,1,stock,,,
2023-03-09 09:30:00-05:00,MLTrader,SPY,buy,market,fill,1,day,0.0,1,stock,399.739990234375,941.0,0.0
2023-03-09 09:30:00-05:00,MLTrader,SPY,buy,market,fill,1,gtc,0.0,1,stock,399.739990234375,235.0,0.0
